id,nombre,municipio,provincia,altura,latitud,logintud
0002I,Vandellós,Vandellòs i l'Hospitalet de l'Infant,Tarragona,32,405729N,005217E
0009X,Alforja,Alforja,Tarragona,406,411250N,005748E
0016A,Reus Aeropuerto,Constantí,Tarragona,71,410859N,011044E
0034X,Valls,Valls,Tarragona,233,411735N,011539E
0042Y,Tarragona,Tarragona,Tarragona,55,410726N,011457E
0061X,Pontons,Pontons,Barcelona,632,412501N,013109E
0066X,Vilafranca del Penedès,Vilafranca del Penedès,Barcelona,177,411949N,014037E
0073X,Sitges,Sitges,Barcelona,58,411438N,015109E
0076,Barcelona Aeropuerto,"Prat de Llobregat, El",Barcelona,4,411734N,020412E
0092X,Berga,Berga,Barcelona,682,420605N,015127E
0106X,Balsareny,Balsareny,Barcelona,361,415159N,015221E
0114X,Prat de Lluçanès,Prats de Lluçanès,Barcelona,700,420025N,020136E
0120X,Moià,Moià,Barcelona,742,414848N,020543E
0149X,Manresa,Manresa,Barcelona,291,414312N,015025E
0158X,Monistrol de Montserrat,Monistrol de Montserrat,Barcelona,738,413540N,015021E
0171X,Igualada,Igualada,Barcelona,313,413444N,013704E
0194D,"Corbera, Pic d'Agulles",Corbera de Llobregat,Barcelona,647,412429N,015305E
0201D,Barcelona,Barcelona,Barcelona,6,412326N,021200E
0201X,"Barcelona, Museo Marítimo",Barcelona,Barcelona,5,412230N,021026E
0222X,Caldes de Montbui,Caldes de Montbui,Barcelona,175,413646N,021006E
0229I,Sabadell Aeropuerto,Sabadell,Barcelona,146,413125N,020611E
0244X,Vilassar de Dalt,Vilassar de Dalt,Barcelona,56,413018N,022145E
0252D,Arenys de Mar,Arenys de Mar,Barcelona,74,413515N,023224E
0255B,Santa Susana,Malgrat de Mar,Barcelona,40,413903N,024149E
0260X,Fogars de Montclús,Fogars de Montclús,Barcelona,936,414536N,022552E
0281Y,Blanes,Blanes,Girona,45,414037N,024818E
0284X,"Castell, Platja d`Aro","Castell, Platja d`Aro",Girona,14,414828N,030151E
0312X,Sant Pau de Segúries,Sant Pau de Segúries,Girona,851,421530N,022152E
0320I,Planoles,Planoles,Girona,1151,421901N,020610E
0324A,Ripoll,Ripoll,Girona,675,421129N,021146E
0341X,Tona,Tona,Barcelona,607,415049N,021321E
0349,Sant Julià de Vilatorta,Sant Julià de Vilatorta,Barcelona,578,415534N,021903E
0360X,Les Planes d'Hostoles,"Planes d'Hostoles, Les",Girona,322,420310N,023304E
0363X,Sant Hilari,Sant Hilari Sacalm,Girona,810,415251N,023048E
0367,Girona Aeropuerto,Vilobí d'Onyar,Girona,143,415442N,024548E
0370E,Girona,Girona,Girona,76,415820N,024910E
0372C,Porqueres,Porqueres,Girona,157,420616N,024549E
0385X,L'Estartit,Torroella de Montgrí,Girona,1,420314N,031205E
0394X,La Vall de Bianya,"Vall de Bianya, La",Girona,350,421238N,022819E
0411X,Castello d'Empuries,Castelló d'Empúries,Girona,2,421329N,030535E
0413A,Maçanet de Cabrenys,Maçanet de Cabrenys,Girona,355,422313N,024520E
0421X,Espolla,Espolla,Girona,100,422324N,030022E
0429X,Figueres,Figueres,Girona,45,421533N,025737E
0433D,Cabo de Creus,Cadaqués,Girona,75,421909N,031857E
1002Y,"Baztan, Irurita",Baztan,Navarra,183,430809N,013235W
1010X,Bera,Bera,Navarra,45,431646N,014038W
1012P,Irún,Irun,Gipuzkoa,120,431935N,014748W
1014A,San Sebastián Aeropuerto,Hondarribia,Gipuzkoa,4,432138N,014714W
1021X,Renteria,Errenteria,Gipuzkoa,165,431247N,015244W
1025A,Segura - Lastala,Segura,Gipuzkoa,255,430056N,021524W
1025X,Beasain,Beasain,Gipuzkoa,255,430317N,021355W
1026X,Ordizia,Ordizia,Gipuzkoa,290,430329N,021103W
1033X,Areso,Areso,Navarra,520,430506N,015703W
1036A,Zarautz,Zarautz,Gipuzkoa,60,431646N,021052W
1037X,Legazpia,Legazpi,Gipuzkoa,460,430306N,022013W
1037Y,Zumarraga,Urretxu,Gipuzkoa,420,430448N,021904W
1038X,Azpeitia,Azpeitia,Gipuzkoa,180,431021N,021602W
1041A,Zumaia,Zumaia,Gipuzkoa,28,431808N,021504W
1044X,Aramaio,Aramaio,Araba/Álava,617,430328N,023522W
1048X,Aretxabaleta,Aretxabaleta,Gipuzkoa,308,430130N,022756W
1049N,Elgeta,Elgeta,Gipuzkoa,470,430818N,022945W
1050J,Elgoibar,Elgoibar,Gipuzkoa,120,431234N,022448W
1052A,Mutriku,Mutriku,Gipuzkoa,150,431902N,022350W
1055B,Lekeitio,Lekeitio,Bizkaia,12,432237N,023037W
1056K,Forua,Forua,Bizkaia,45,432033N,024016W
1057B,Machichaco,Bermeo,Bizkaia,93,432714N,024510W
1059X,Punta Galea,Getxo,Bizkaia,90,432230N,030118W
1060X,Amurrio,Amurrio,Araba/Álava,240,430301N,030020W
1064L,Orozko,Orozko,Bizkaia,270,430544N,025137W
1069Y,Abadiño,Abadiño,Bizkaia,747,430557N,023839W
1074C,Amorebieta--Etxano,Amorebieta-Etxano,Bizkaia,100,431210N,024222W
1078C,Balmaseda,Balmaseda,Bizkaia,210,431050N,031235W
1078I,Güeñes,Güeñes,Bizkaia,208,431212N,030617W
1082,Bilbao Aeropuerto,Loiu,Bizkaia,42,431753N,025421W
1083B,Sopuerta,Sopuerta,Bizkaia,177,431647N,031007W
1083L,Castro Urdiales,Castro-Urdiales,Cantabria,45,432341N,031402W
1089U,Ramales de la Victoria,Ramales de la Victoria,Cantabria,80,431521N,032815W
1096X,"Barcena de Cicero, Treto",Bárcena de Cicero,Cantabria,10,432348N,032811W
1102D,"Soba, Alto Miera",Soba,Cantabria,700,431126N,034109W
1109,Santander Aeropuerto,Camargo,Cantabria,5,432545N,034953W
1111X,Santander,Santander,Cantabria,52,432928N,034802W
1124E,Villacarriedo,Villacarriedo,Cantabria,190,431444N,035058W
1135C,"Los Tojos, Bárcena Mayor","Tojos, Los",Cantabria,460,430849N,041251W
1152C,San Felices de Buelna,San Felices de Buelna,Cantabria,105,431619N,040255W
1154H,"Torrelavega, Sierrapando",Torrelavega,Cantabria,110,432131N,040139W
1159,San Vicente de la Barquera,San Vicente de la Barquera,Cantabria,40,432336N,042332W
1167B,"Camaleño, Fuente De",Camaleño,Cantabria,1100,430838N,044846W
1174I,"Cillórigo de Liébana, Tama",Cillorigo de Liébana,Cantabria,260,431058N,043606W
1176A,Tresviso,Tresviso,Cantabria,940,431521N,044006W
1178Y,"Posada de Valdeón, Soto",Posada de Valdeón,León,953,430843N,045554W
1179B,Cabrales,Cabrales,Asturias,458,431840N,045110W
1183X,Llanes,Llanes,Asturias,10,432513N,044453W
1186P,"Amieva, Panizales",Amieva,Asturias,370,431600N,050709W
1199X,Piloña,Piloña,Asturias,280,432240N,052348W
1203D,Colunga,Colunga,Asturias,30,432933N,051450W
1207U,"Gijón, Campus",Gijón,Asturias,26,433123N,053716W
1210X,Cabo Peñas,Gozón,Asturias,100,433921N,055055W
1212E,Asturias Aeropuerto,Castrillón,Asturias,127,433401N,060239W
1221D,Puerto de Pajares,Lena,Asturias,1480,425843N,054635W
1223P,Pola de Lena,Lena,Asturias,370,430758N,054922W
1226X,Aller,Aller,Asturias,750,430543N,052837W
1234P,Mieres,Mieres,Asturias,170,431630N,054909W
1249X,Oviedo,Oviedo,Asturias,336,432112N,055227W
1272B,"Tineo, Soto de la Barca",Tineo,Asturias,280,431725N,062312W
1276F,Pola de Somiedo,Somiedo,Asturias,670,430600N,061525W
1279X,Salas,Salas,Asturias,240,432530N,061351W
1283U,Cabo Busto,Valdés,Asturias,60,433409N,062812W
1297E,Cervantes,Cervantes,Lugo,1020,424607N,070103W
1302F,Degaña,Degaña,Asturias,1310,425719N,062821W
1309C,"Ibias, San Antolin",Ibias,Asturias,780,430139N,065306W
1327A,"Villayón, Oneta",Villayón,Asturias,410,432756N,064024W
1331A,Castropol,Castropol,Asturias,40,433129N,070153W
1331D,Figueras de Castropol,Castropol,Asturias,40,433207N,070108W
1341B,"Taramundi, Ouria",Taramundi,Asturias,340,432456N,070340W
1342X,Ribadeo,Ribadeo,Lugo,43,433226N,070459W
1344X,Mondoñedo,Mondoñedo,Lugo,125,432553N,072142W
1347T,Burela,Burela,Lugo,80,433904N,072126W
1351,Estaca de Bares,Mañón,A Coruña,80,434710N,074105W
1363X,As Pontes,"Pontes de García Rodríguez, As",A Coruña,343,432646N,075141W
1387,A Coruña,"Coruña, A",A Coruña,58,432157N,082517W
1387E,A Coruña Aeropuerto,Culleredo,A Coruña,98,431825N,082219W
1390X,"Carballo, Depuradora",Carballo,A Coruña,98,431213N,084239W
1393,Cabo Vilan,Camariñas,A Coruña,50,430938N,091239W
1399,Vimianzo,Vimianzo,A Coruña,287,430327N,090249W
1400,Fisterra,Fisterra,A Coruña,230,425529N,091729W
1406X,Mazaricos,Mazaricos,A Coruña,340,425607N,085937W
1410X,Sobrado,Sobrado,A Coruña,500,430216N,080120W
1428,Santiago de Compostela Aeropuerto,"Pino, O",A Coruña,370,425317N,082438W
1435C,Noia,Noia,A Coruña,128,424801N,085234W
1437O,Monte Iroite,Porto do Son,A Coruña,685,424314N,085524W
1442U,Boiro,Boiro,A Coruña,10,423838N,085332W
1466A,Silleda,Silleda,Pontevedra,435,424203N,081528W
1468X,A Estrada,"Estrada, A",Pontevedra,269,424137N,083007W
1473A,Padrón,Padrón,A Coruña,100,424418N,083738W
1475X,Santiago de Compostela,Santiago de Compostela,A Coruña,240,425234N,083321W
1476R,"Rois, Casas do Porto",Rois,A Coruña,210,424459N,084253W
1477V,VilagarcÍa de Arousa,Vilagarcía de Arousa,Pontevedra,32,423505N,084629W
1484C,Pontevedra,Pontevedra,Pontevedra,108,422618N,083657W
1489A,A Lama,"Lama, A",Pontevedra,395,422425N,082704W
1495,Vigo Aeropuerto,Redondela,Pontevedra,261,421419N,083726W
1496X,Vigo,Vigo,Pontevedra,120,421350N,084327W
1505,Lugo Aeropuerto,Castro de Rei,Lugo,445,430641N,072727W
1518A,Lugo,Lugo,Lugo,442,425954N,073309W
1521I,O Páramo,"Páramo, O",Lugo,403,425043N,072958W
1521X,Becerreá,Becerreá,Lugo,1080,425150N,071107W
1535I,O Saviñao,"Saviñao, O",Lugo,555,423805N,074217W
1541B,Villablino,Villablino,León,958,425544N,062002W
1542,Puerto de Leitariegos,Cangas del Narcea,Asturias,1530,425939N,062451W
1549,Ponferrada,Ponferrada,León,534,423350N,063600W
1561I,Vega de Espinareda,Vega de Espinareda,León,770,424558N,064025W
1583X,O Barco de Valdeorras,"Barco de Valdeorras, O",Ourense,315,422456N,065935W
1631E,A Pobra de Trives,"Pobra de Trives, A",Ourense,840,422022N,071657W
1639X,Chandrexa de Queixa,Chandrexa de Queixa,Ourense,990,421537N,072301W
1658,Folgoso do Courel,Folgoso do Courel,Lugo,612,423519N,071130W
1679A,Monforte de Lemos,Monforte de Lemos,Lugo,291,423154N,073039W
1690A,Ourense,Ourense,Ourense,143,421931N,075135W
1696O,Beariz,Beariz,Ourense,610,422805N,081641W
1700X,"Carballiño, O","Carballiño, O",Ourense,400,422517N,080533W
1701X,Ribadavia,Ribadavia,Ourense,112,421800N,080745W
1706A,Allariz,Allariz,Ourense,492,421058N,074746W
1719,A Cañiza,"Cañiza, A",Pontevedra,560,421305N,081652W
1723X,"Ponteareas, Canedo",Ponteareas,Pontevedra,90,421056N,082934W
1730E,O Rosal,"Rosal, O",Pontevedra,55,415638N,085051W
1735X,Xinzo de Limia,Xinzo de Limia,Ourense,616,420445N,074401W
1738U,Muiños,Muíños,Ourense,730,415603N,075920W
1740,"Santillana del Mar, Altamira",Santillana del Mar,Cantabria,150,432238N,040728W
2005Y,Vinuesa,Vinuesa,Soria,1197,415804N,024658W
2017Y,"La Póveda de Soria, Barriomartín","Póveda de Soria, La",Soria,1260,415945N,022939W
2030,Soria,Soria,Soria,1082,414630N,022859W
2044B,Lubia,Cubo de la Solana,Soria,1100,413602N,023027W
2048A,Morón de Almazán,Morón de Almazán,Soria,978,412510N,022513W
2059B,La Riba de Escalote,"Riba de Escalote, La",Soria,1042,412059N,024700W
2084Y,Ucero,Ucero,Soria,960,414319N,030249W
2092,Burgo de Osma,Burgo de Osma-Ciudad de Osma,Soria,932,413522N,030513W
2096B,Liceras,Liceras,Soria,1150,412225N,031505W
2106B,Coruña del Conde,Coruña del Conde,Burgos,955,414445N,032255W
2117D,Aranda de Duero,Aranda de Duero,Burgos,790,413957N,034434W
2135A,Fresno de Cantespino,Fresno de Cantespino,Segovia,993,412222N,033026W
2140A,Aldeanueva de Serrezuela,Aldeanueva de la Serrezuela,Segovia,1135,412752N,034709W
2150H,"La Pinilla, estación de esquí",Cerezo de Arriba,Segovia,1860,411131N,032831W
2166Y,Peñafiel,Peñafiel,Valladolid,756,413535N,040729W
2172Y,Sardón de Duero,Sardón de Duero,Valladolid,725,413643N,042420W
2182C,Pedraza,Pedraza,Segovia,1107,410802N,034725W
2192C,Cuéllar,Cuéllar,Segovia,795,412301N,041556W
2235U,Cervera de Pisuerga,Cervera de Pisuerga,Palencia,1140,425214N,043112W
2243A,Aguilar de Campoo,Aguilar de Campoo,Palencia,910,424750N,041637W
2276B,Villaeles de Valdavia,Villaeles de Valdavia,Palencia,908,423408N,043430W
2290Y,Pedrosa del Príncipe,Pedrosa del Príncipe,Burgos,771,421504N,041156W
2296A,Ólvega,Ólvega,Soria,1039,414632N,015836W
2298,Palacios de la Sierra,Palacios de la Sierra,Burgos,1080,415735N,030754W
2302N,Monterrubio de la Demanda,Monterrubio de la Demanda,Burgos,1197,420847N,030639W
2311Y,Villamayor de los Montes,Villamayor de los Montes,Burgos,882,420619N,034604W
2331X,Burgos Aeropuerto,Burgos,Burgos,891,422122N,033717W
2362C,"Velilla del Río Carrión, Camporredondo de Alba",Velilla del Río Carrión,Palencia,1575,425338N,044249W
2374X,Carrión de los Condes,Carrión de los Condes,Palencia,830,422103N,043702W
2400E,Autilla del Pino,Autilla del Pino,Palencia,874,415944N,043610W
2401X,Palencia,Palencia,Palencia,736,420034N,043338W
2422,Valladolid,Valladolid,Valladolid,735,413827N,044516W
2430Y,Muñotello,Muñotello,Ávila,1178,403236N,050239W
2444,Ávila,Ávila,Ávila,1130,403933N,044048W
2453E,Gotarrendura,Gotarrendura,Ávila,920,404944N,044431W
2456B,Arevalo,Arévalo,Ávila,820,410417N,044348W
2462,Puerto de Navacerrada,Cercedilla,Madrid,1894,404735N,040038W
2465,Segovia,Segovia,Segovia,1005,405643N,040735W
2471Y,San Rafael,"Espinar, El",Segovia,1260,404305N,041238W
2482B,Miguelañez,Migueláñez,Segovia,870,410735N,042233W
2491C,"La Covatilla, estación de esquí",Navacarros,Salamanca,1960,402118N,054124W
2503B,"Olmedo, Depósito de Agua",Olmedo,Valladolid,786,411648N,044131W
2503X,Olmedo,Olmedo,Valladolid,740,411933N,044113W
2507Y,Rueda,Rueda,Valladolid,715,412528N,045755W
2512Y,Rivilla de Barajas,Rivilla de Barajas,Ávila,925,405256N,050107W
2517A,Fuente el Sol,Fuente el Sol,Valladolid,755,411022N,045623W
2536D,Morales del Toro,Morales de Toro,Zamora,710,413255N,051618W
2555B,Fuentesauco,Fuentesaúco,Zamora,811,411412N,052853W
2568D,"Santervás de la Vega, Villapún",Santervás de la Vega,Palencia,985,423125N,045104W
2593D,Villalón de Campos,Villalón de Campos,Valladolid,763,420510N,045943W
2604B,Medina de Rioseco,Medina de Rioseco,Valladolid,731,415233N,050225W
2611D,Villafáfila,Villafáfila,Zamora,690,415123N,053533W
2614,Zamora,Zamora,Zamora,656,413056N,054407W
2624C,Riaño,Riaño,León,1090,425730N,050027W
2626Y,Cubillas de Rueda,Cubillas de Rueda,León,916,423712N,051136W
2630X,Puerto de San Isidro,Puebla de Lillo,León,1510,430344N,052237W
2661,"León, Virgen del Camino",Valverde de la Virgen,León,912,423518N,053904W
2661B,León Aeropuerto,Valverde de la Virgen,León,912,423558N,053837W
2664B,Valencia de Don Juan,Valencia de Don Juan,León,788,421745N,053017W
2701D,"Barrios de Luna, Miñera","Barrios de Luna, Los",León,1120,425308N,055215W
2728B,"Quintana del Castillo, Villameca",Quintana del Castillo,León,995,423854N,060415W
2734D,Astorga,Astorga,León,919,422836N,060428W
2737E,Lagunas de Somoza,Val de San Lorenzo,León,1020,422239N,061148W
2742R,Bustillo del Páramo,Bustillo del Páramo,León,850,422759N,054647W
2755X,Benavente,Benavente,Zamora,715,420039N,054000W
2766E,"Sanabria, Robleda-Cervantes",Robleda-Cervantes,Zamora,935,420456N,063824W
2775X,Villardeciervos,Villardeciervos,Zamora,850,415629N,061647W
2777K,Santibañez de Vidriales,Santibáñez de Vidriales,Zamora,737,420441N,060026W
2789H,Pozuelo de Tabara,Pozuelo de Tábara,Zamora,711,414708N,055432W
2804F,Villadepera,Villadepera,Zamora,790,413202N,060831W
2811A,Navarredonda de Gredos,Navarredonda de Gredos,Ávila,1525,402102N,050835W
2828Y,Barco de Avila,"Barco de Ávila, El",Ávila,1012,402119N,053109W
2847X,Pedrosillo de Los Aires,Pedrosillo de los Aires,Salamanca,865,404032N,053836W
2863C,Pedraza de Alba,Pedraza de Alba,Salamanca,897,404356N,052158W
2867,Salamanca Aeropuerto,Calvarrasa de Abajo,Salamanca,790,405734N,052954W
2870,Salamanca,Salamanca,Salamanca,775,405727N,053944W
2873X,Barbadillo,Barbadillo,Salamanca,817,405413N,054647W
2882D,Peñausende,Peñausende,Zamora,985,411420N,055351W
2883R,Ledesma,Ledesma,Salamanca,775,411202N,060601W
2885K,Fresno de Sayago,Fresno de Sayago,Zamora,804,411816N,060120W
2891A,Villarino de los Aires,Villarino de los Aires,Salamanca,690,411547N,062745W
2914C,Boadilla Fuente San Esteban,"Fuente de San Esteban, La",Salamanca,785,404710N,061210W
2916A,Vitigudino,Vitigudino,Salamanca,769,410041N,062616W
2918Y,El Maíllo,"Maíllo, El",Salamanca,1027,403410N,061325W
2926B,Bañobárez,Bañobárez,Salamanca,748,405105N,063632W
2930Y,Navasfrías,Navasfrías,Salamanca,880,401748N,064846W
2945A,El Bodón Base Aérea,"Bodón, El",Salamanca,805,402906N,063437W
2946X,Saelices El Chico,Saelices el Chico,Salamanca,680,403806N,063600W
2966D,Alcañices,Alcañices,Zamora,840,414100N,061805W
2969U,A Gudiña,"Gudiña, A",Ourense,910,420138N,071059W
2978X,Verín,Verín,Ourense,380,415536N,072519W
3013,Molina de Aragón,Molina de Aragón,Guadalajara,1062,405030N,015244W
3021Y,Zaorejas,Zaorejas,Guadalajara,1230,404546N,021202W
3040Y,Beteta,Beteta,Cuenca,1214,403418N,020435W
3044X,Cañizares,Cañizares,Cuenca,940,403149N,020900W
3085Y,Pastrana,Pastrana,Guadalajara,920,402428N,025711W
3094B,Tarancón,Tarancón,Cuenca,808,400041N,030117W
3099Y,Ocaña,Ocaña,Toledo,733,395606N,032946W
3100B,Aranjuez,Aranjuez,Madrid,540,400402N,033246W
3103,Retiendas,Retiendas,Guadalajara,910,410013N,031807W
3104Y,Rascafría,Rascafría,Madrid,1159,405323N,035318W
3110C,Buitrago del Lozoya,Buitrago del Lozoya,Madrid,1026,410025N,033649W
3111D,Somosierra,Somosierra,Madrid,1450,410808N,033449W
3125Y,San Sebastián de Los Reyes,San Sebastián de los Reyes,Madrid,671,403412N,033806W
3126Y,"Madrid, El Goloso",Madrid,Madrid,740,403341N,034243W
3129,Madrid Aeropuerto,Madrid,Madrid,609,402800N,033320W
3130C,Sigüenza,Sigüenza,Guadalajara,1005,410511N,023705W
3140Y,Mandayona,Mandayona,Guadalajara,990,405906N,024536W
3158D,Campisábalos,Campisábalos,Guadalajara,1360,411627N,030833W
3168D,Guadalajara,Guadalajara,Guadalajara,721,403749N,030900W
3170Y,Alcala de Henares,Alcalá de Henares,Madrid,605,403142N,031723W
3182Y,Arganda del Rey,Arganda del Rey,Madrid,533,401842N,032952W
3191E,Colmenar Viejo,Colmenar Viejo,Madrid,1004,404146N,034554W
3194U,"Madrid, Ciudad Universitaria",Madrid,Madrid,664,402706N,034327W
3194Y,Pozuelo de Alarcón,Pozuelo de Alarcón,Madrid,665,402654N,034848W
3195,"Madrid, Retiro",Madrid,Madrid,667,402443N,034041W
3209Y,Brihuega,Brihuega,Guadalajara,955,404555N,025227W
3229Y,Tielmes,Tielmes,Madrid,594,401450N,031842W
3245Y,Tembleque,Tembleque,Toledo,635,394146N,033021W
3254Y,Mora,Mora,Toledo,717,394113N,034650W
3260B,Toledo,Toledo,Toledo,515,395305N,040243W
3266A,Puerto Alto del León,Guadarrama,Madrid,1532,404223N,040831W
3268C,Alpedrete,Alpedrete,Madrid,924,403935N,040103W
3272M,Torrelodones,Torrelodones,Madrid,879,403444N,035627W
3298X,San Pablo de los Montes,San Pablo de los Montes,Toledo,917,393249N,042102W
3305Y,Navahermosa,Navahermosa,Toledo,750,393750N,042837W
3319D,Puerto El Pico,Villarejo del Valle,Ávila,1285,402023N,050046W
3330Y,Rozas de Puerto Real,Rozas de Puerto Real,Madrid,890,401847N,042914W
3337U,Cebreros,Cebreros,Ávila,850,402803N,042721W
3338,Robledo de Chavela,Robledo de Chavela,Madrid,790,402540N,041500W
3343Y,Valdemorillo,Valdemorillo,Madrid,884,402948N,040340W
3362Y,Castillo de Bayuela,Castillo de Bayuela,Toledo,560,400629N,044050W
3365A,Talavera de la Reina,Talavera de la Reina,Toledo,372,395731N,045149W
3386A,Navalvillar de Ibor,Navalvillar de Ibor,Cáceres,923,393530N,052303W
3391,Sotillo de la Adrada,Sotillo de la Adrada,Ávila,630,401719N,043527W
3422D,Candeleda,Candeleda,Ávila,350,400821N,051841W
3423I,Madrigal de la Vera,Madrigal de la Vera,Cáceres,464,400914N,052224W
3427Y,Oropesa,Oropesa,Toledo,345,395936N,050652W
3434X,Navalmoral de la Mata,Navalmoral de la Mata,Cáceres,269,395645N,053457W
3436D,Garganta de la Olla,Garganta la Olla,Cáceres,690,400640N,054705W
3448X,Serradilla,Serradilla,Cáceres,406,394915N,060739W
3455X,Jaraicejo,Jaraicejo,Cáceres,559,394012N,054830W
3463X,Trujillo,Trujillo,Cáceres,503,392857N,055115W
3469A,Cáceres,Cáceres,Cáceres,394,392817N,062020W
3475X,Cañaveral,Cañaveral,Cáceres,373,394726N,062235W
3494U,Nuñomoral,Nuñomoral,Cáceres,470,402429N,061423W
3503,Guijo de Granadilla,Guijo de Granadilla,Cáceres,393,401130N,060956W
3504X,Hervás,Hervás,Cáceres,724,401554N,055140W
3512X,Montehermoso,Montehermoso,Cáceres,351,400451N,062020W
3514B,Tornavacas,Tornavacas,Cáceres,991,401531N,054042W
3516X,Piornal,Piornal,Cáceres,1260,400715N,054957W
3519X,Plasencia,Plasencia,Cáceres,415,400235N,060509W
3526X,Coria,Coria,Cáceres,313,400013N,063327W
3531X,Torrecilla de los Angeles,Torrecilla de los Ángeles,Cáceres,459,401518N,062442W
3536X,Hoyos,Hoyos,Cáceres,560,401029N,064328W
3540X,Zarza La Mayor,Zarza la Mayor,Cáceres,336,395217N,065136W
3547X,Valverde del Fresno,Valverde del Fresno,Cáceres,450,401226N,065346W
3562X,Aliseda,Aliseda,Cáceres,321,392539N,064411W
3565X,Brozas,Brozas,Cáceres,425,393705N,064442W
3576X,Valencia de Alcántara,Valencia de Alcántara,Cáceres,445,392458N,071452W
4007Y,Ossa de Montiel,Ossa de Montiel,Albacete,905,385757N,024442W
4051Y,Alcázar del Rey,Alcázar del Rey,Cuenca,875,400340N,024825W
4061X,Quintanar de la Orden,Quintanar de la Orden,Toledo,691,393551N,030249W
4064Y,Alcazar de San Juan,Alcázar de San Juan,Ciudad Real,640,392327N,031257W
4067,Madridejos,Madridejos,Toledo,690,392931N,033142W
4070Y,Abia de Obispalia,Abia de la Obispalía,Cuenca,1020,400108N,022343W
4075Y,Villares del Saz,Villares del Saz,Cuenca,870,395025N,023012W
4089A,Alberca de Zancara,"Alberca de Záncara, La",Cuenca,805,393056N,022940W
4090Y,San Clemente,San Clemente,Cuenca,728,392501N,022515W
4091Y,Villarrobledo,Villarrobledo,Albacete,718,391543N,023533W
4093Y,Osa de la Vega,Osa de la Vega,Cuenca,763,393922N,024536W
4095Y,Belmonte,Belmonte,Cuenca,745,393319N,024220W
4096Y,Munera,Munera,Albacete,918,390100N,022920W
4103X,Tomelloso,Tomelloso,Ciudad Real,662,391009N,030027W
4121,Ciudad Real,Ciudad Real,Ciudad Real,628,385921N,035513W
4138Y,Villanueva de los Infantes,Villanueva de los Infantes,Ciudad Real,900,384415N,030016W
4147X,Valdepeñas,Valdepeñas,Ciudad Real,700,384502N,032329W
4148,Viso del Marqués,Viso del Marqués,Ciudad Real,778,383105N,033400W
4210Y,Abenójar,Abenójar,Ciudad Real,718,385353N,041731W
4220X,Puebla de Don Rodrigo,Puebla de Don Rodrigo,Ciudad Real,485,390519N,043659W
4236Y,Puerto del Rey,Sevilleja de la Jara,Toledo,620,392647N,050113W
4244X,Herrera del Duque,Herrera del Duque,Badajoz,447,391010N,050344W
4245X,Guadalupe,Guadalupe,Cáceres,660,392719N,052000W
4260,Peraleda del Zaucejo,Peraleda del Zaucejo,Badajoz,542,382847N,053439W
4263X,Valsequillo,Valsequillo,Córdoba,575,382434N,052102W
4267X,Hinojosa del Duque,Hinojosa del Duque,Córdoba,551,382954N,050717W
4300Y,Almadén,Almadén,Ciudad Real,535,384631N,045043W
4325X,Castuera,Castuera,Badajoz,502,384255N,053248W
4339X,Cañamero,Cañamero,Cáceres,590,391851N,052208W
4340,Navalvillar de Pela,Navalvillar de Pela,Badajoz,313,390612N,052741W
4347X,Zorita,Zorita,Cáceres,413,391658N,054237W
4358X,Don Benito,Don Benito,Badajoz,273,385720N,055250W
4386B,Llerena,Llerena,Badajoz,655,381354N,060101W
4395X,Villafranca de los Barros,Villafranca de los Barros,Badajoz,430,383306N,061824W
4410X,Mérida,Mérida,Badajoz,228,385457N,062308W
4411C,Alcuescar,Alcuéscar,Cáceres,467,391152N,061352W
4427X,Zafra,Zafra,Badajoz,433,382533N,062612W
4436Y,Almendralejo,Almendralejo,Badajoz,371,384120N,062140W
4452,Badajoz Aeropuerto,Badajoz,Badajoz,185,385300N,064850W
4464X,Alburquerque,Alburquerque,Badajoz,283,391055N,065943W
4468X,Puebla de Obando,Puebla de Obando,Badajoz,392,391036N,063603W
4478X,Badajoz,Badajoz,Badajoz,175,385315N,070029W
4486X,Olivenza,Olivenza,Badajoz,275,384151N,070504W
4489X,Alconchel,Alconchel,Badajoz,170,382905N,071655W
4492E,Barcarrota,Barcarrota,Badajoz,387,382835N,065522W
4497X,Villanueva del Fresno,Villanueva del Fresno,Badajoz,247,382220N,070929W
4499X,Monesterio,Monesterio,Badajoz,771,380453N,061619W
4501X,Fuente de Cantos,Fuente de Cantos,Badajoz,602,381232N,061841W
4511C,Jerez de los Caballeros,Jerez de los Caballeros,Badajoz,381,381755N,064554W
4520X,Fregenal de la Sierra,Fregenal de la Sierra,Badajoz,586,381042N,063942W
4527X,Aroche,Aroche,Huelva,267,375849N,065833W
4541X,El Granado,"Granado, El",Huelva,60,373313N,073112W
4549Y,Ayamonte,Ayamonte,Huelva,2,371141N,072342W
4554X,Cartaya,Cartaya,Huelva,15,371306N,070501W
4560Y,Alajar,Alájar,Huelva,572,375207N,064030W
4575X,Valverde del Camino,Valverde del Camino,Huelva,273,373418N,064507W
4584X,El Cerro de Andévalo,"Cerro de Andévalo, El",Huelva,270,374354N,065632W
4589X,"Alosno, Tharsis",Alosno,Huelva,276,373552N,070710W
4608X,El Campillo,"Campillo, El",Huelva,415,374038N,063748W
4622X,Villarrasa,Villarrasa,Huelva,145,372703N,063812W
4642E,"Huelva, Ronda Este",Huelva,Huelva,19,371642N,065442W
5000C,Ceuta,Ceuta,Ceuta,87,355319N,052049W
5038X,Cazorla,Cazorla,Jaén,813,375457N,030014W
5047E,Baza,Baza,Granada,785,373021N,024406W
5051X,Huéscar,Huéscar,Granada,1092,375140N,023910W
5060X,Vélez Blanco,Vélez-Blanco,Almería,1190,375139N,021341W
5107D,Dólar,Dólar,Granada,1187,371048N,025911W
5164B,Baeza,Baeza,Jaén,771,375948N,032743W
5165X,Torres,Torres,Jaén,910,374651N,033349W
5181D,Arroyo del Ojanco,Arroyo del Ojanco,Jaén,580,381853N,025323W
5192,Villarrodrigo,Villarrodrigo,Jaén,862,382921N,023815W
5210X,Villanueva del Arzobispo,Villanueva del Arzobispo,Jaén,680,381030N,025953W
5246,Santa Elena,Santa Elena,Jaén,770,382040N,033207W
5270B,Jaén,Jaén,Jaén,580,374639N,034832W
5279X,Linares,Linares,Jaén,515,380904N,033746W
5281X,Bailén,Bailén,Jaén,345,380535N,034657W
5298X,Andújar,Andújar,Jaén,202,380123N,040350W
5304Y,Puertollano,Puertollano,Ciudad Real,665,384008N,040333W
5341C,Fuencaliente,Fuencaliente,Ciudad Real,710,382544N,041806W
5346X,Cardeña,Cardeña,Córdoba,720,381112N,041621W
5361X,Montoro,Montoro,Córdoba,155,380048N,041949W
5390Y,Villanueva de Córdoba,Villanueva de Córdoba,Córdoba,750,381959N,043632W
5394X,Córdoba,Córdoba,Córdoba,525,380115N,044748W
5402,Córdoba Aeropuerto,Córdoba,Córdoba,90,375056N,045048W
5406X,Alcalá La Real,Alcalá la Real,Jaén,908,372951N,035429W
5412X,Priego de Cordoba,Priego de Córdoba,Córdoba,550,372905N,041228W
5427X,Doña Mencía,Doña Mencía,Córdoba,650,373322N,042114W
5429X,"Córdoba, Prágdena",Córdoba,Córdoba,275,374837N,042744W
5459X,Espiel,Espiel,Córdoba,465,380640N,045543W
5470,Fuente Palmera,Fuente Palmera,Córdoba,120,374511N,050602W
5473X,Azuaga,Azuaga,Badajoz,581,381604N,054110W
5515D,Víznar,Víznar,Granada,1250,371414N,033203W
5515X,Granada-Cartuja,Granada,Granada,775,371123N,033544W
5530E,Granada Aeropuerto,Chauchina,Granada,567,371123N,034722W
5582A,Loja,Loja,Granada,594,370940N,040910W
5598X,Benamejí,Benamejí,Córdoba,465,371351N,043252W
5612B,La Roda de Andalucía,"Roda de Andalucía, La",Sevilla,410,371140N,044612W
5612X,Lora de Estepa,Lora de Estepa,Sevilla,450,371613N,044937W
5624X,Aguilar de la Frontera,Aguilar de la Frontera,Córdoba,309,372855N,044109W
5625X,La Rambla,"Rambla, La",Córdoba,200,373819N,044550W
5641X,Écija,Écija,Sevilla,130,373058N,050506W
5654X,La Puebla de los Infantes,"Puebla de los Infantes, La",Sevilla,200,374712N,052216W
5656,Fuentes de Andalucía,Fuentes de Andalucía,Sevilla,165,372950N,052559W
5702X,Carmona,Carmona,Sevilla,50,373356N,054426W
5704B,Cazalla de la Sierra,Cazalla de la Sierra,Sevilla,550,375535N,054611W
5726X,Guadalcanal,Guadalcanal,Sevilla,720,380558N,054909W
5733X,Almadén de la Plata,Almadén de la Plata,Sevilla,450,374728N,060430W
5769X,Cala,Cala,Huelva,618,375825N,061920W
5783,Sevilla Aeropuerto,Sevilla,Sevilla,34,372500N,055245W
5790Y,"Sevilla, Tablada",Sevilla,Sevilla,9,372151N,060021W
5796,Morón de la Frontera,Arahal,Sevilla,87,370952N,053641W
5835X,Carrión de los Céspedes,Carrión de los Céspedes,Sevilla,76,372136N,062003W
5858X,Almonte,Almonte,Huelva,5,365919N,062635W
5860E,"Moguer, El Arenosillo",Moguer,Huelva,41,370553N,064417W
5891X,Las Cabezas de San Juan,"Cabezas de San Juan, Las",Sevilla,105,365712N,055048W
5906X,Chipiona,Chipiona,Cádiz,10,364500N,062402W
5910X,"Rota, Base Naval",Rota,Cádiz,21,363820N,061957W
5911A,Grazalema,Grazalema,Cádiz,913,364538N,052227W
5919X,Olvera,Olvera,Cádiz,530,365554N,051534W
5941X,El Bosque,"Bosque, El",Cádiz,295,364346N,053044W
5950X,San José del Valle,San José del Valle,Cádiz,105,363950N,054700W
5960,Jerez de la Frontera Aeropuerto,Jerez de la Frontera,Cádiz,27,364502N,060321W
5972X,San Fernando,San Fernando,Cádiz,28,362756N,061220W
5973,Cádiz,Cádiz,Cádiz,2,362959N,061528W
5983X,Medina Sidonia,Medina-Sidonia,Cádiz,70,362423N,055513W
5995B,Vejer de la Frontera,Vejer de la Frontera,Cádiz,186,361444N,055754W
5996B,Barbate,Barbate,Cádiz,4,361106N,055435W
5998X,Osuna,Osuna,Sevilla,255,371436N,050645W
6000A,Melilla,Melilla,Melilla,52,351635N,025723W
6001,Tarifa,Tarifa,Cádiz,32,360050N,053556W
6032B,Ronda,Ronda,Málaga,766,364459N,051006W
6032X,Ronda Instituto,Ronda,Málaga,753,364500N,051007W
6040X,Cortes de la Frontera,Cortes de la Frontera,Málaga,315,363240N,052311W
6042I,Jimena de la Frontera,Jimena de la Frontera,Cádiz,42,362608N,052342W
6045X,Alpandeire,Alpandeire,Málaga,676,363757N,051211W
6050X,Gaucín,Gaucín,Málaga,594,363107N,051907W
6056X,San Roque,San Roque,Cádiz,1,361623N,051704W
6057X,Manilva,Manilva,Málaga,140,362242N,051536W
6058I,Estepona,Estepona,Málaga,11,362501N,050918W
6069X,Benahavis,Benahavís,Málaga,392,363237N,050129W
6076X,"Marbella, Puerto",Marbella,Málaga,2,362904N,045711W
6083X,Marbella,Marbella,Málaga,2,362901N,044425W
6084X,Fuengirola,Fuengirola,Málaga,8,363219N,043706W
6088X,Torremolinos,Torremolinos,Málaga,85,363714N,043054W
6106X,Antequera,Antequera,Málaga,408,370146N,044454W
6127X,Álora,Álora,Málaga,172,365117N,044148W
6143X,Coín,Coín,Málaga,230,363928N,044539W
6155A,Málaga Aeropuerto,Málaga,Málaga,5,363958N,042856W
6156X,"Málaga, Centro Meteorológico",Málaga,Málaga,54,364304N,042854W
6172O,"Málaga, Puerto",Málaga,Málaga,25,364300N,042511W
6172X,Málaga,Málaga,Málaga,25,364300N,042511W
6175X,Rincon de la Victoria,Rincón de la Victoria,Málaga,7,364254N,041710W
6199B,Vélez-Málaga,Vélez-Málaga,Málaga,62,364632N,040543W
6201X,Algarrobo,Algarrobo,Málaga,40,364521N,040238W
6205X,Torrox,Torrox,Málaga,3,364335N,035726W
6213X,Nerja,Nerja,Málaga,169,364546N,035043W
6258X,Lanjarón,Lanjarón,Granada,715,365523N,032933W
6267X,Salobreña,Salobreña,Granada,20,364454N,033443W
6268X,Motril,Motril,Granada,12,364327N,033144W
6268Y,"Motril, Puerto",Motril,Granada,1,364325N,033145W
6272X,Castell del Ferro,Gualchos,Granada,235,364403N,032248W
6277B,Adra,Adra,Almería,8,364450N,030114W
6281X,Válor,Válor,Granada,1020,370019N,030417W
6291B,El Ejido,"Ejido, El",Almería,98,364629N,024847W
6293X,Roquetas de Mar,"Ejido, El",Almería,3,364113N,024206W
6302A,Abla,Abla,Almería,885,370829N,024647W
6307X,Láujar de Andarax,Láujar de Andarax,Almería,1518,370159N,025445W
6325O,Almería Aeropuerto,Almería,Almería,21,365047N,022125W
6329X,Cabo de Gata,Níjar,Almería,52,364319N,021135W
6332X,Carboneras,Carboneras,Almería,12,365848N,015412W
6340X,"Garrucha, Puerto",Garrucha,Almería,6,371044N,014900W
6364X,Albox,Albox,Almería,508,372424N,020905W
6367B,Huercal Overa,Huércal-Overa,Almería,300,372326N,015637W
6375X,Fuente de Piedra,Fuente de Piedra,Málaga,420,370757N,044431W
6381,Alborán,Almería,Almería,15,355618N,030210W
7002Y,Águilas,Águilas,Murcia,26,372502N,013513W
7007X,Mazarrón,Mazarrón,Murcia,3,373435N,011404W
7012C,Cartagena,Cartagena,Murcia,17,373604N,005916W
7023X,Fuente Álamo de Murcia,Fuente Álamo de Murcia,Murcia,140,374335N,011002W
7026X,Torre-Pacheco,Torre-Pacheco,Murcia,50,374420N,005803W
7031X,San Javier Aeropuerto,San Javier,Murcia,4,374642N,004821W
7066Y,"Yeste, Embalse Fuensanta",Yeste,Albacete,680,382335N,021308W
7067Y,Nerpio,Nerpio,Albacete,1485,380518N,022447W
7072Y,Yeste,Yeste,Albacete,960,381742N,021738W
7080X,Moratalla,Moratalla,Murcia,955,381606N,015911W
7096B,Hellín,Hellín,Albacete,605,383231N,014211W
7103Y,Tobarra,Tobarra,Albacete,615,383517N,014122W
7119B,Caravaca de La Cruz,Caravaca de la Cruz,Murcia,643,380609N,015238W
7121A,Calasparra,Calasparra,Murcia,350,381403N,014208W
7127X,Bullas,Bullas,Murcia,640,380257N,014143W
7138B,Jumilla,Jumilla,Murcia,485,382732N,012007W
7145D,Cieza,Cieza,Murcia,265,381358N,012250W
7158X,Archena,Archena,Murcia,150,380741N,011821W
7172X,Mula,Mula,Murcia,255,380229N,012657W
7178I,Murcia,Murcia,Murcia,61,380007N,011015W
7195X,"Caravaca de La Cruz, Los Royos",Caravaca de la Cruz,Murcia,985,375534N,020330W
7203A,"Lorca, Zarcilla de Ramos",Lorca,Murcia,646,375041N,015211W
7209,Lorca,Lorca,Murcia,312,373917N,014114W
7211B,Puerto Lumbreras,Puerto Lumbreras,Murcia,445,373405N,014750W
7218X,Totana,Totana,Murcia,225,374543N,013008W
7227X,Alhama de Murcia,Alhama de Murcia,Murcia,157,375142N,012005W
7237E,Molina de Segura,Molina de Segura,Murcia,170,380820N,010931W
7244X,Orihuela,Orihuela,Alacant/Alicante,26,380404N,005853W
7247X,Pinoso,"Pinós, el/Pinoso",Alacant/Alicante,575,382359N,010217W
7250C,Abanilla,Abanilla,Murcia,174,381140N,010202W
7261X,Rojales,Rojales,Alacant/Alicante,31,380517N,004255W
7275C,Yecla,Yecla,Murcia,640,383606N,010935W
8005X,Fontanars dels Alforins,Fontanars dels Alforins,València/Valencia,622,384648N,004745W
8008Y,Villena,Villena,Alacant/Alicante,486,383437N,005156W
8013X,Novelda,Novelda,Alacant/Alicante,230,382312N,004528W
8018X,Elche/Elx,Elche/Elx,Alacant/Alicante,110,381715N,004050W
8019,Alicante/Alacant Aeropuerto,Elche/Elx,Alacant/Alicante,43,381658N,003415W
8025,Alicante/Alacant,Alicante/Alacant,Alacant/Alicante,81,382221N,002939W
8036Y,Benidorm,Benidorm,Alacant/Alicante,70,383306N,000800W
8050X,Jávea/ Xàbia,Jávea/Xàbia,Alacant/Alicante,15,384701N,001004E
8057C,Pego,Pego,Alacant/Alicante,60,385048N,000706W
8058X,Oliva,Oliva,València/Valencia,5,385544N,000545W
8058Y,Miramar,Miramar,València/Valencia,12,385701N,000816W
8059C,Alcoy/Alcoi,Alcoy/Alcoi,Alacant/Alicante,530,384239N,002736W
8072Y,Barx,Barx,València/Valencia,340,390101N,001817W
8096,Cuenca,Cuenca,Cuenca,948,400402N,020755W
8155Y,Motilla del Palancar,Motilla del Palancar,Cuenca,830,393320N,015455W
8175,Albacete Base Aérea,Albacete,Albacete,702,385715N,015123W
8177A,Chinchilla,Chinchilla de Monte-Aragón,Albacete,880,385613N,013932W
8178D,Albacete,Albacete,Albacete,674,390020N,015144W
8191Y,Alcalá del Júcar,Alcalá del Júcar,Albacete,680,391155N,012608W
8193E,Jalance,Jalance,València/Valencia,372,391230N,010540W
8198Y,Almansa,Almansa,Albacete,710,385102N,010347W
8203O,Zarra,Zarra,València/Valencia,855,390458N,010604W
8210Y,Salvacañete,Salvacañete,Cuenca,1160,400611N,013013W
8245Y,Mira,Mira,Cuenca,815,394252N,012633W
8270X,Bicorp,Bicorp,València/Valencia,305,390801N,004724W
8283X,Ontinyent,Ontinyent,València/Valencia,350,384946N,003628W
8290X,Enguera,Enguera,València/Valencia,740,385516N,005258W
8293X,Xàtiva,Xàtiva,València/Valencia,88,390006N,003125W
8300X,Carcaixent,Carcaixent,València/Valencia,25,390648N,002645W
8309X,Utiel,Utiel,València/Valencia,758,393432N,011441W
8319X,Buñol,Buñol,València/Valencia,585,392703N,005125W
8325X,Polinyà de Xúquer,Polinyà de Xúquer,València/Valencia,12,391105N,002219W
8337X,Turís,Turís,València/Valencia,186,392332N,003729W
8354X,Albarracín,Albarracín,Teruel,1130,402511N,012629W
8368U,Teruel,Teruel,Teruel,900,402102N,010727W
8376,Jabaloyas,Jabaloyas,Teruel,1430,401410N,012442W
8381X,Ademuz,Ademuz,València/Valencia,705,400338N,011701W
8395X,Chelva,Chelva,València/Valencia,515,394512N,005935W
8409X,Lliria,Llíria,València/Valencia,198,393950N,003914W
8414A,Valencia Aeropuerto,Manises,València/Valencia,56,392906N,002829W
8416Y,Valencia,Valencia,València/Valencia,11,392850N,002159W
8439X,Segorbe,Segorbe,Castelló/Castellón,400,394744N,002907W
8446Y,Sagunto,Sagunto/Sagunt,València/Valencia,24,394227N,001515W
8458X,Cedrillas,Cedrillas,Teruel,1380,402550N,005058W
8472A,Montanejos,Montanejos,Castelló/Castellón,601,400516N,003249W
8486X,Mosqueruela,Mosqueruela,Teruel,1515,402145N,002716W
8489X,Villafranca del Cid/Villafranca,Villafranca del Cid/Vilafranca,Castelló/Castellón,1131,402600N,001521W
8492X,Atzeneta del Maestrat,Atzeneta del Maestrat,Castelló/Castellón,420,401338N,001011W
8500A,"Castellón de la Plana, Almazora",Almazora/Almassora,Castelló/Castellón,43,395726N,000419W
8503Y,Torreblanca,Torreblanca,Castelló/Castellón,35,401241N,001101E
8520X,La Pobla de Benifassà-Fredes,"Pobla de Benifassà, la",Castelló/Castellón,1168,404137N,000955E
8523X,Vinaròs,Vinaròs,Castelló/Castellón,111,403315N,002547E
9001D,Reinosa,Campoo de Enmedio,Cantabria,870,425931N,040938W
9001S,Alto Campoo,Hermandad de Campoo de Suso,Cantabria,1650,430212N,042228W
9012E,Santa Gadea de Alfoz,Alfoz de Santa Gadea,Burgos,915,425705N,035726W
9016X,"Valderredible, Cubillo de Ebro",Valderredible,Cantabria,770,424835N,040156W
9019B,"Valderredible, Polientes",Valderredible,Cantabria,720,424823N,035602W
9027X,Sargentes de la Lora,Sargentes de la Lora,Burgos,1017,424449N,035304W
9031C,Briviesca,Briviesca,Burgos,730,423334N,031832W
9051,Medina de Pomar,Medina de Pomar,Burgos,580,425512N,032858W
9060X,Lalastra,Valdegovía/Gaubea,Araba/Álava,910,425231N,031354W
9069C,Miranda de Ebro,Miranda de Ebro,Burgos,460,424113N,025738W
9073X,Opakua,Salvatierra/Agurain,Araba/Álava,660,424947N,022135W
9091R,Vitoria Gasteiz Aeropuerto,Vitoria-Gasteiz,Araba/Álava,513,425219N,024400W
9111,Belorado,Belorado,Burgos,820,422516N,031013W
9115X,"Valdezcaray, estación de esquí",Ezcaray,La Rioja,1630,421518N,025806W
9121X,Haro,Haro,La Rioja,465,423431N,025117W
9122I,Labastida,Labastida/Bastida,Araba/Álava,610,423609N,024629W
9136X,Anguiano,Anguiano,La Rioja,1006,421351N,025216W
9141V,Nájera,Nájera,La Rioja,500,422451N,024336W
9145X,Leza,Leza,Araba/Álava,575,423402N,023758W
9145Y,Cenicero,Cenicero,La Rioja,429,422858N,023822W
9170,Logroño Aeropuerto,Agoncillo,La Rioja,353,422708N,021952W
9171K,Los Arcos,"Arcos, Los",Navarra,470,423413N,021102W
9174,Sartaguda,Sartaguda,Navarra,310,422227N,020320W
9178X,Campezo/Kanpezu,Campezo/Kanpezu,Araba/Álava,570,424014N,022046W
9188,Enciso,Enciso,La Rioja,855,420858N,021624W
9198X,Canfranc,Canfranc,Huesca,1170,424458N,003058W
9201K,Jaca,Jaca,Huesca,823,423444N,003249W
9207,"Valle de Hecho, Hecho",Valle de Hecho,Huesca,860,424426N,004502W
9208E,Aragüés del Puerto,Aragüés del Puerto,Huesca,1040,424232N,004023W
9211F,Bailo,Bailo,Huesca,722,423051N,004902W
9218A,Isaba/Izaba,Isaba/Izaba,Navarra,820,425144N,005529W
9228J,Oroz-Betelu/Orotz-Betelu,Oroz-Betelu/Orotz-Betelu,Navarra,635,425346N,011801W
9228T,Roncesvalles,Orreaga/Roncesvalles,Navarra,947,430028N,011932W
9238X,Navascués/Nabaskoze,Navascués/Nabaskoze,Navarra,615,424303N,010702W
9244X,Sos del Rey Católico,Sos del Rey Católico,Zaragoza,626,422927N,011249W
9245X,Cáseda,Cáseda,Navarra,440,423117N,012159W
9252X,Olite/Erriberri,Olite/Erriberri,Navarra,390,422921N,013920W
9257X,"Esteribar, Eugui",Esteribar,Navarra,615,425814N,013101W
9262P,Monreal/Elo,Monreal/Elo,Navarra,585,424204N,012944W
9263D,Pamplona Aeropuerto,Galar,Navarra,459,424637N,013900W
9263X,"Aranguren, Ilundain",Aranguren,Navarra,572,424634N,013157W
9274X,Irurtzun,Irurtzun,Navarra,432,425508N,015006W
9280B,Larraga,Larraga,Navarra,375,423258N,015127W
9283X,Cadreita,Cadreita,Navarra,268,421225N,014241W
9283Y,Alfaro,Alfaro,La Rioja,285,421104N,014723W
9287A,San Pedro Manrique,San Pedro Manrique,Soria,1096,420135N,021351W
9294E,"Bardenas Reales, Base Aérea","",Navarra,295,421155N,012831W
9299X,Tarazona,Tarazona,Zaragoza,475,415453N,014324W
9301X,Monteagudo,Monteagudo,Navarra,410,415732N,014126W
9302Y,Tudela,Tudela,Navarra,295,420320N,013634W
9321X,Ejea de los Caballeros,Ejea de los Caballeros,Zaragoza,321,420716N,010823W
9336D,Castejon de Valdejasa,Castejón de Valdejasa,Zaragoza,442,415903N,005945W
9344C,Arcos de Jalón,Arcos de Jalón,Soria,863,411259N,021735W
9352A,Almazul,Almazul,Soria,1000,413429N,020825W
9354X,Alhama de Aragon,Alhama de Aragón,Zaragoza,703,411735N,015343W
9374X,"Teruel, Santa Eulalia del Campo",Santa Eulalia,Teruel,1000,403400N,011915W
9377Y,El Pedregal,"Pedregal, El",Guadalajara,1185,404643N,013406W
9381I,Calamocha,Calamocha,Teruel,890,405534N,011736W
9390,Daroca,Daroca,Zaragoza,779,410652N,012436W
9394X,Calatayud,Calatayud,Zaragoza,600,411952N,013843W
9427X,La Almunia de Doña Godina,"Almunia de Doña Godina, La",Zaragoza,370,412852N,012251W
9434,Zaragoza Aeropuerto,Zaragoza,Zaragoza,249,413938N,010015W
9434P,"Zaragoza, Valdespartera",Zaragoza,Zaragoza,254,413715N,005606W
9436X,Fonfría,Fonfría,Teruel,1255,405943N,010515W
9443V,"Zaragoza, Canal",Zaragoza,Zaragoza,258,413800N,005256W
9453X,Biescas,Biescas,Huesca,1100,424157N,001908W
9460X,Sabiñánigo,Sabiñánigo,Huesca,775,423046N,002120W
9491X,Almudévar,Almudévar,Huesca,390,420146N,003509W
9495Y,Leciñena,Leciñena,Zaragoza,405,414748N,003702W
9501X,Valmadrid,Valmadrid,Zaragoza,535,412635N,005309W
9510X,Quinto,Quinto,Zaragoza,205,412545N,003014W
9513X,Muniesa,Muniesa,Teruel,800,410152N,004820W
9531Y,Montalbán,Montalbán,Teruel,895,404943N,004735W
9546B,Hijar,Híjar,Teruel,305,411019N,002631W
9550C,Andorra,Andorra,Teruel,762,405828N,002428W
9561X,Castellote,Castellote,Teruel,755,404754N,001855W
9562X,Morella,Morella,Castelló/Castellón,990,403718N,000607W
9563X,Castellfort,Castellfort,Castelló/Castellón,1220,402955N,001112W
9569A,Calanda,Calanda,Teruel,466,405648N,001416W
9573X,Alcañiz,Alcañiz,Teruel,334,410329N,000830W
9574X,Caspe,Caspe,Zaragoza,190,411349N,000216W
9576C,Bujaraloz,"Almolda, La",Zaragoza,357,413121N,001028W
9585,La Molina,Alp,Girona,1703,421957N,015622E
9590,Martinet,Montellà i Martinet,Lleida,1038,422144N,014136E
9590D,"Illes de Cerdanya,Cap de Rec",Lles de Cerdanya,Lleida,1940,422549N,014004E
9619,La Seo d'Urgell,"Seu d'Urgell, La",Lleida,677,422117N,012747E
9632X,Josa i Tuixén,Josa i Tuixén,Lleida,1196,421349N,013410E
9638D,Coll de Nargó,Coll de Nargó,Lleida,609,420916N,011843E
9647X,Torà,Torà,Lleida,435,414821N,012344E
9650X,Artesa de Segre,Artesa de Segre,Lleida,400,415253N,010631E
9657X,Esterri d'Àneu,Esterri d'Àneu,Lleida,952,423730N,010734E
9677,"Rialp, Port Ainé",Rialp,Lleida,2410,422436N,011253E
9689X,Torre de Cabdella,"Torre de Cabdella, La",Lleida,1273,422759N,005927E
9698U,Talarn,Tremp,Lleida,807,421219N,005155E
9707,Llimiana,Llimiana,Lleida,515,420401N,005426E
9718X,Granyanella,Granyanella,Lleida,478,414043N,011313E
9720X,Tàrrega,Tàrrega,Lleida,388,413902N,010858E
9724X,Os de Balaguer,Os de Balaguer,Lleida,520,415224N,004522E
9726E,Llorac,Llorac,Tarragona,657,413326N,011834E
9729X,Mollerussa,Mollerussa,Lleida,252,413701N,005200E
9744B,La Vall de Boi,"Vall de Boí, La",Lleida,1089,423012N,004756E
9751,Sopeira,Sopeira,Huesca,760,421907N,004449E
9756X,Benabarre,Benabarre,Huesca,765,420645N,002848E
9771C,Lleida,Lleida,Lleida,185,413734N,003553E
9772X,La Pobla de Cérvoles,"Pobla de Cérvoles, La",Lleida,673,412158N,005449E
9775X,El Soleràs,"Soleràs, El",Lleida,392,412449N,004042E
9784P,Bielsa,Bielsa,Huesca,990,423748N,001329E
9808X,Ainsa,Aínsa-Sobrarbe,Huesca,610,422518N,000817E
9814A,Torla,Torla-Ordesa,Huesca,1020,423736N,000642W
9814X,Torla - Depósito,Torla-Ordesa,Huesca,1078,423815N,000646W
9838B,Benasque,Benasque,Huesca,1120,423602N,003118E
9843A,Seira,Seira,Huesca,825,422837N,002603E
9855E,Capella,Capella,Huesca,600,421205N,002758E
9866C,Barbastro,Barbastro,Huesca,305,420117N,000826E
9894X,Sariñena,Sariñena,Huesca,300,414757N,000939W
9894Y,"Sariñena, Depósito agua",Sariñena,Huesca,300,414757N,000939W
9898,Huesca Aeropuerto,Alcalá del Obispo,Huesca,541,420500N,001935W
9901X,Huesca,Huesca,Huesca,463,420820N,002342W
9908X,Lanaja,Lanaja,Huesca,380,414626N,001959W
9911X,Ballobar,Ballobar,Huesca,178,413710N,001116E
9918Y,Tamarite de Litera,Tamarite de Litera,Huesca,218,414651N,002237E
9924X,Fraga,Fraga,Huesca,170,413129N,002120E
9935X,Valderrobres,Valderrobres,Teruel,482,405224N,000846E
9946X,Horta de Sant Joan,Horta de Sant Joan,Tarragona,495,405711N,001842E
9947X,La Pobla de Massaluca,"Pobla de Massaluca, La",Tarragona,370,411038N,002112E
9961X,Cabacés,Cabacés,Tarragona,363,411458N,004407E
9975X,Rasquera,Rasquera,Tarragona,112,410018N,003649E
9981A,Tortosa,Roquetes,Tarragona,50,404913N,002936E
9987P,Sant Jaume d'Enveja,Sant Jaume d'Enveja,Tarragona,1,404157N,004836E
9990X,"Naut Aran, Arties",Naut Aran,Lleida,1161,424201N,005237E
9994X,Bossòst,Bossòst,Lleida,722,424634N,004123E
9995Y,Luzaide/Valcarlos,Luzaide/Valcarlos,Navarra,334,430528N,011803W
9998X,Bello,Bello,Teruel,1006,405517N,012940W
B013X,"Escorca, Lluc",Escorca,Illes Balears,490,394924N,025309E
B087X,Banyalbufar,Banyalbufar,Illes Balears,60,394121N,023046E
B158X,"Calvià, Es Capdellà",Calvià,Illes Balears,50,393305N,022759E
B228,"Palma de Mallorca, Puerto",Palma de Mallorca,Illes Balears,3,393312N,023731E
B236C,"Palma de Mallorca, Universidad",Palma de Mallorca,Illes Balears,95,393832N,023837E
B248,"Sierra de Alfabia, Bunyola",Bunyola,Illes Balears,1030,394406N,024247E
B275C,Marratxí,Marratxí,Illes Balears,26,393525N,024127E
B278,"Palma de Mallorca, Aeropuerto",Palma de Mallorca,Illes Balears,8,393339N,024412E
B278C,"Palma de Mallorca, Es Pil Larí",Palma de Mallorca,Illes Balears,16,393122N,024520E
B301,"Llucmajor, Cap Blanc",Llucmajor,Illes Balears,113,392247N,024706E
B334X,Llucmajor,Llucmajor,Illes Balears,140,392944N,025330E
B346X,Porreres,Porreres,Illes Balears,120,393118N,030109E
B362X,"Campos, Can Sion",Campos,Illes Balears,40,392421N,030351E
B373X,"Campos, Salines Llevant",Campos,Illes Balears,3,392104N,030043E
B410B,Santanyí,Santanyí,Illes Balears,45,392024N,030845E
B434X,Portocolom,Felanitx,Illes Balears,17,392452N,031618E
B496X,Son Servera,Son Servera,Illes Balears,25,393749N,032301E
B526X,Artà,Artà,Illes Balears,110,394119N,032104E
B569X,Capdepera,Capdepera,Illes Balears,66,394256N,032841E
B603X,Artà-Colònia de Sant Pere,Artà,Illes Balears,99,394323N,031643E
B605X,"Muro, S'Albufera",Muro,Illes Balears,2,394748N,030617E
B614E,Manacor,Manacor,Illes Balears,95,393325N,031304E
B644B,Sineu,Sineu,Illes Balears,120,393836N,030008E
B656A,Santa María del Camí,Santa María del Camí,Illes Balears,121,393909N,024801E
B662X,Binissalem,Binissalem,Illes Balears,105,394041N,025226E
B684A,"Escorca, Son Torrella",Escorca,Illes Balears,850,394750N,024731E
B691Y,Sa Pobla,"Pobla, Sa",Illes Balears,40,394457N,030100E
B760X,Pollença,Pollença,Illes Balears,35,395237N,030127E
B780X,Port de Pollença,Pollença,Illes Balears,2,395434N,030601E
B825B,Es Mercadal,"Mercadal, Es",Illes Balears,80,395926N,040511E
B860X,Ciutadella,Ciutadella de Menorca,Illes Balears,20,395934N,035114E
B870C,"Ciutadella, Cala Galdana",Ciutadella de Menorca,Illes Balears,43,395641N,035724E
B893,"Menorca, Aeropuerto",Maó-Mahón,Illes Balears,91,395117N,041256E
B908X,Sant Joan de Labritja,Sant Joan de Labritja,Illes Balears,110,390322N,012933E
B954,"Ibiza, Aeropuerto",Sant Josep de sa Talaia,Illes Balears,6,385235N,012304E
B957,Eivissa,Eivissa,Illes Balears,3,385521N,012629E
B986,Formentera,Formentera,Illes Balears,24,384137N,012749E
C018J,Tías,Tías,Las Palmas,376,285811N,134125W
C019V,Yaiza,"Oliva, La",Las Palmas,6,285132N,135006W
C029O,Lanzarote Aeropuerto,San Bartolomé,Las Palmas,14,285707N,133601W
C038N,Haría,Haría,Las Palmas,277,290837N,132921W
C048W,Tinajo,Tinajo,Las Palmas,275,290233N,134051W
C117A,Puntagorda,Puntagorda,Santa Cruz de Tenerife,684,284539N,175908W
C117Z,Tijarafe,Tijarafe,Santa Cruz de Tenerife,733,284029N,175613W
C126A,El Paso,"Paso, El",Santa Cruz de Tenerife,844,283914N,175112W
C129V,Fuencaliente,Fuencaliente de la Palma,Santa Cruz de Tenerife,30,282719N,175028W
C129Z,Tazacorte,Tazacorte,Santa Cruz de Tenerife,62,283545N,175455W
C139E,La Palma Aeropuerto,Breña Baja,Santa Cruz de Tenerife,33,283759N,174518W
C148F,San Andrés y Sauces,San Andrés y Sauces,Santa Cruz de Tenerife,362,284818N,174657W
C229J,Pájara,Pájara,Las Palmas,15,280257N,142129W
C239N,"Tuineje,Puerto Gran Tarajal",Tuineje,Las Palmas,1,281231N,140123W
C248E,Antigua,Antigua,Las Palmas,252,282502N,140110W
C249I,Fuerteventura Aeropuerto,Puerto del Rosario,Las Palmas,25,282641N,135147W
C258K,La Oliva,"Oliva, La",Las Palmas,217,283645N,135555W
C259X,"La Oliva, Puerto de Corralejo","Oliva, La",Las Palmas,6,284426N,135148W
C314Z,"Vallehermoso, Alto Igualero",Vallehermoso,Santa Cruz de Tenerife,1475,280625N,171457W
C315P,"Vallehermoso, Chipude C.F.",Vallehermoso,Santa Cruz de Tenerife,1242,280639N,171548W
C317B,Agulo,Agulo,Santa Cruz de Tenerife,765,281044N,171247W
C319W,"Vallehermoso, Dama",Vallehermoso,Santa Cruz de Tenerife,190,280316N,171824W
C328W,Hermigua,Hermigua,Santa Cruz de Tenerife,252,280949N,171139W
C329Z,San Sebastián de la Gomera,San Sebastián de la Gomera,Santa Cruz de Tenerife,15,280523N,170641W
C406G,"La Orotava, Cañadas Teide","Orotava, La",Santa Cruz de Tenerife,2150,281327N,163735W
C419X,Adeje,Adeje,Santa Cruz de Tenerife,130,280453N,164240W
C428T,Arico,Arico,Santa Cruz de Tenerife,418,281052N,162901W
C429I,Tenerife Sur Aeropuerto,Granadilla de Abona,Santa Cruz de Tenerife,64,280249N,163340W
C430E,Izaña,Güímar,Santa Cruz de Tenerife,2371,281832N,162958W
C438N,Candelaria,Candelaria,Santa Cruz de Tenerife,463,282132N,162405W
C439J,Güímar,Güímar,Santa Cruz de Tenerife,115,281906N,162256W
C446G,"San Cristóbal de La Laguna,Llano de los Loros",San Cristóbal de La Laguna,Santa Cruz de Tenerife,868,283136N,161650W
C447A,Tenerife Norte Aeropuerto,San Cristóbal de La Laguna,Santa Cruz de Tenerife,632,282839N,161946W
C449C,Sta.Cruz de Tenerife,Santa Cruz de Tenerife,Santa Cruz de Tenerife,35,282748N,161519W
C449F,Anaga,Santa Cruz de Tenerife,Santa Cruz de Tenerife,19,283029N,161144W
C457I,La Victoria de Acentejo,"Victoria de Acentejo, La",Santa Cruz de Tenerife,567,282605N,162717W
C458A,Tacoronte,Tacoronte,Santa Cruz de Tenerife,310,282947N,162512W
C459Z,Puerto de la Cruz,Puerto de la Cruz,Santa Cruz de Tenerife,25,282505N,163253W
C468B,San Juan de la Rambla,San Juan de la Rambla,Santa Cruz de Tenerife,370,282323N,163747W
C469N,Los Silos,"Silos, Los",Santa Cruz de Tenerife,28,282243N,164903W
C611E,Vega de San Mateo,Vega de San Mateo,Las Palmas,1702,275838N,153502W
C612F,"Tejeda, Cruz de Tejeda",Tejeda,Las Palmas,1514,280025N,153556W
C614H,Tejeda,Tejeda,Las Palmas,1060,275943N,153657W
C619I,La Aldea de San Nicolás,"Aldea de San Nicolás, La",Las Palmas,10,280003N,154850W
C619X,Agaete,Agaete,Las Palmas,5,280604N,154246W
C623I,"San Bartolome Tirajana, Cuevas del Pinar",San Bartolomé de Tirajana,Las Palmas,1220,275536N,153600W
C625O,"San Bartolome Tirajana, Lomo Pedro Alfonso",San Bartolomé de Tirajana,Las Palmas,806,275125N,153842W
C628B,"La Aldea de San Nicolás, Tasarte","Aldea de San Nicolás, La",Las Palmas,318,275432N,154612W
C629Q,"Mogán, Puerto Rico",Mogán,Las Palmas,10,274648N,154240W
C629X,"Mogán, Puerto",Mogán,Las Palmas,10,274859N,154551W
C635B,"San Bartolome Tirajana, Las Tirajanas",San Bartolomé de Tirajana,Las Palmas,960,275512N,153427W
C639M,"Maspalomas, C. Insular Turismo",San Bartolomé de Tirajana,Las Palmas,45,274529N,153432W
C639U,"San Bartolome Tirajana, El Matorral",San Bartolomé de Tirajana,Las Palmas,41,274845N,152712W
C648C,Agüimes,Agüimes,Las Palmas,306,275409N,152714W
C648N,"Telde, Centro Forestal Doramas",Telde,Las Palmas,344,275915N,152728W
C649I,Gran Canaria Aeropuerto,Ingenio,Las Palmas,24,275521N,152322W
C649R,"Telde, Melenara",Telde,Las Palmas,9,275913N,152240W
C656V,Teror,Teror,Las Palmas,683,280431N,153250W
C658X,"Las Palmas de Gran Canaria, Tafira","Palmas de Gran Canaria, Las",Las Palmas,269,280441N,152712W
C659H,"Las Palmas de Gran Canaria, San Cristobal","Palmas de Gran Canaria, Las",Las Palmas,55,280523N,152458W
C659M,"Las Palmas de Gran Canaria, Pl. de la Feria","Palmas de Gran Canaria, Las",Las Palmas,15,280647N,152517W
C665T,Valleseco,Valleseco,Las Palmas,900,280358N,153357W
C668V,Agaete - Suerte Alta,Agaete,Las Palmas,352,280540N,154030W
C669B,Arucas,Arucas,Las Palmas,86,280830N,153025W
C689E,Maspalomas,San Bartolomé de Tirajana,Las Palmas,6,274409N,153545W
C839I,Teguise,Teguise,Las Palmas,10,291355N,133007W
C916Q,"El Pinar, Depósito","Pinar de El Hierro, El",Santa Cruz de Tenerife,948,274308N,175841W
C917E,"El Pinar, La Dehesa","Pinar de El Hierro, El",Santa Cruz de Tenerife,715,274331N,180654W
C925F,Valverde,Valverde,Santa Cruz de Tenerife,1070,274607N,175736W
C929I,Hierro Aeropuerto,Valverde,Santa Cruz de Tenerife,32,274908N,175320W
C939T,"Frontera, Sabinosa",Frontera,Santa Cruz de Tenerife,20,274523N,180624W
